num,x,y,mianji
1c25b8fa-8604-49d2-ac1a-78c0d4f95c91,108.1450689,37.7491007,15.4
0abd99d3-298d-4c70-a62b-08ecd16d041b,108.1472019,37.7444268,68.5
1190e2c4-225c-4246-8a56-079c814c2cc5,108.1447632,37.7465347,23.85
571a79d5-ca5e-4f3e-bd1e-f78169d33083,108.1455723,37.7464166,26.7
6d4a5f8f-8527-43ff-9dc1-fcb886bcab98,108.1447632,37.7465347,2.9
ba6762a8-192f-4185-89a6-7d17d6cf105d,108.1450689,37.7491007,53
6e35d9a5-e16c-4682-a77e-e227a1aca96a,108.1447632,37.7465347,13.2
eacd6b73-8c49-4e10-a041-f76585aa32a2,108.1398622,37.7458213,2.9
807703ec-d3c3-4957-8179-1f81b582cf06,108.133964,37.741647,10.5
91c73d4e-6afa-4d7f-b9ef-415c20dc1709,108.131739,37.7431802,5.1
7bb45440-cf12-470e-ac91-6b234e1ca67c,108.102217,37.733251,5.6
30fa55e2-a110-4ed6-838a-f08a3ea2a630,108.102217,37.733251,5.7
f2c89fe1-ff9b-4c1c-9561-521a806a5011,108.1361103,37.7408266,6.6
8d691c2f-7e5a-4c19-8b2d-e42739a724e6,107.7858924,37.9477732,77.46
eb8b1acb-f0f2-452a-a16b-7c02fc16c556,107.7781347,37.9469117,188.56
0e8e383d-9933-4c27-8237-1599bc6b81e4,107.7704892,37.9421968,52.77
a7f65824-e56d-48ff-b45e-f9f51ca68f08,107.7691215,37.9428221,7.69
02899424-941f-4dbb-accb-7baefc76a655,107.767599,37.9431203,10.52
651214ff-556e-4da4-ae0a-dda954f66da3,107.7601877,37.9433871,6.22
8bd60e63-80d7-487b-b572-77da7d75598d,107.759508,37.9432491,90.54
bd14d664-3fca-49cc-8507-b250b6d2c130,107.7598896,37.9427567,7
3b1dfe43-4d22-4751-861d-cfac90efc1a6,107.7601118,37.9425008,5.8
698cd6ce-cacf-49fa-89d8-7824a2c50a73,107.7644342,37.9472116,3.2
84b91437-67c7-4ce6-a2f4-5bcaed635833,107.7638979,37.9473697,12.10
48d35cb0-9fa9-40c0-944e-5c14b0e19a70,107.7632154,37.9565255,16.28
9c3036ba-1fd5-4c10-84dd-f58cbb3a76b4,107.758945,37.9598328,4.4
1c745288-7d18-4e26-9994-fc30be875c3e,107.7606483,37.9581011,16.83
03882fcf-b8b9-4f0f-bd17-da42a13436f8,107.7538147,37.9561814,67.94
3c081df1-400c-4ee8-8c69-4194543964ba,107.7384583,37.9626945,379.53
d027c8eb-1393-4cfb-a567-c842966fd95a,107.7339921,37.9676347,79.62
ba177819-a864-4c6d-bb4d-ff358e1ee264,107.7231303,37.971343,37.6
f215eebd-8d08-4863-895c-18c2c285e1b6,107.7126801,37.975476,136.87
aca44048-1353-457f-a647-d0f2719c308b,107.830636,37.877193,33.78
8385da42-6e5d-4ac5-b265-2a3e7b66dff5,107.840234,37.895022,33.78
f94c074c-1293-4299-86b0-1e995b0fb1e7,107.777234,37.9471993,39.34
654d2baa-0fff-4e8c-bc53-bfbfb4c36456,107.7708222,37.9420443,47.79
61dbc010-4c49-4bda-88d4-1d93f7d0f36b,107.778208,37.944579,16.10
2420ac1c-5023-433b-b42e-d3bb3e8c4e7e,107.7672598,37.9426056,256.566
fe4422af-c750-4b1a-9ca3-71ebd8cfa86a,107.7695396,37.9427642,2.5
0302a5bd-55f5-40da-a602-101f08ef3851,107.759623,37.9432209,22.046
13b1c3e9-2f53-422a-bba0-918cd8a2a2b6,107.778208,37.944579,4.127
4197a3d9-c92c-4079-85ac-fc59d16a6424,107.7592554,37.9430875,7.0485
f328d688-954f-4520-bc8c-f73ab58df075,107.7647344,37.9471322,59.62
ec792033-bbde-4589-9be8-456aa31bda6b,107.763953,37.9503396,6.41
77db949a-774d-44ce-a923-56d59822d159,107.7647632,37.9570882,311.21
1daa42b2-3084-4925-998b-fbb2672c21d2,107.763447,37.958112,3.69
baafcf20-533d-45f8-a04c-3bef996a7ade,107.721336,37.977058,55.09
d8059db9-a8b3-42a9-8fd8-3f7eea3f3b8a,107.7588186,37.9599365,29.4945
1aeee749-4eae-460a-ac39-e893a6c3b38d,107.7538814,37.9565638,5.444
f252ddb0-6f5a-45a0-8ab9-963562164a27,107.7540204,37.9570922,42.42
80f0bdfe-200b-43ea-9c36-bb6b238bbe22,107.759819,37.952975,15.8
d8350de1-7a5b-41c0-a3f3-3e79be8d4557,107.721336,37.977058,37.93
014dcd64-581a-42fa-a79b-f99a3d09f21f,107.7322782,37.9648145,11.85
b4c9bab4-7248-4ff4-9bbd-62db892f5458,107.721336,37.977058,15.57
20da1169-e30d-4a7c-b61c-36f785a9d6a5,107.7231829,37.9712016,44.65
ed33ec08-5122-4d4e-97d0-a5597e2d3820,108.1669997,38.0528407,52.81
86840761-8210-489b-8026-27f76ff35962,108.175878,38.05002,38.79
c5482839-f371-4b91-a7ce-cb93f111fca7,108.1665183,38.0532857,21.28
cc5c8715-c951-4a37-b416-555722a4296c,108.1684653,38.0577967,29.24
08f7b430-9c15-4bc4-b240-a0023e07e4d0,108.1597414,38.056579,10.66
eecd63d2-355a-4110-b08b-ae76b6a44f2d,108.1591779,38.0562898,2.83
a10ecd02-d390-4b7d-968f-947fb013739c,108.1581251,38.0560267,51.88
3497fdfa-d311-4818-9a6b-ffd7b770ade9,108.1581251,38.0560267,54.91
2c60f7d8-5af5-4a52-ad56-47ca84668edf,108.1600897,38.0590667,4.79
7c2c64a6-a480-449f-86b1-55f00776b09e,108.152273,38.060604,48.65
d6fabc4f-6514-4e55-b020-35ae78315cad,108.152273,38.060604,8.68
ed2ca17c-7c89-4a80-8971-a043aa3b08df,108.134281,38.0589044,1.18
78b5596f-d391-42c5-b398-7cf58b1b00af,108.1405137,38.0641256,103.47
ac165847-7483-4645-a068-4b324ec903d1,108.1393766,38.0647888,177.97
cf8c4dbc-0279-4125-875d-414341618969,108.138435,38.060222,26.64
b1c832b8-f006-493d-b2e6-29357a458e0e,108.1397128,38.0598408,10.71
664c1fe6-d5e1-4c8a-b77b-dc3b583cdb85,108.1376874,38.059988,4.12
862e8618-d725-42d3-9200-6500be79793c,108.153599,38.062592,27.99
6f93a1d4-935f-4034-8254-f516a018dbcd,108.1345872,38.0603116,12.27
29508ec2-ccfe-4c9a-8b06-046f258d5b86,108.1341094,38.0581373,11.61
8ccbf1ac-ca6f-4e0d-9cd3-cc4db07f4989,108.134876,38.056615,7.8
21325631-1bea-4dd0-bfbc-bae985f12297,108.134876,38.056615,79.80
8dca5dc2-59be-415e-9ee0-5cf7b1b12a35,108.1279295,38.062132,2.48
6e0e4584-b301-44ea-b2c2-39ab2710e5cc,108.134276,38.058906,29.83
c232f2f5-1d99-4c13-be91-453776872740,108.1149745,38.0595642,7.61
014bd2e8-f5c7-4c7b-a936-d2f11dd448f8,108.1108269,38.0572674,18.7
6132673a-c838-45d1-881e-2974849ce5b5,108.1104675,38.0574485,114.96
897282d6-1555-4991-9441-3216e95699b3,108.116309,38.231766,12.72
eedc6bf5-28fa-493e-a9cd-f8bed9d223a2,108.1105414,38.0526935,14.72
d7707cba-a14c-4047-8f3b-2dad4a577f1b,108.136179,38.060269,26.6
d03bde51-dc9d-42b9-9780-b5fb5c7dd781,108.1128064,38.0443767,96.89
cd6e02c8-94ce-4b30-bc25-12374918f2b4,108.1133041,38.0484727,50.01
6951e87f-9b70-438e-ad45-a94863ae0ebb,108.1111113,38.057424,1.182
3964f5a3-7551-43dd-a425-fbba82cd9387,108.134266,38.058905,33.77
ef512bd3-1444-4f95-8a33-146994f5e0c5,108.1106562,38.0624633,6.73
f1021b15-eaa5-4fb5-8d78-f7037cae6450,108.1107481,38.0625329,3.20
88ac84a1-2666-4508-9092-d7c4ee406a6a,108.1032539,38.0717349,5.55
2dd8c7e1-363c-47eb-81c9-266c6f515adc,108.175226,38.078874,12.13
cf07674f-9733-4714-b3c0-77c4b859bb4d,108.058388,37.994123,14.23
3e6f0b97-0990-4105-b785-714d7fc6ab78,108.1006557,38.0730818,2.71
b6a760a6-c59b-455d-a009-15fc2b41e297,108.1042963,38.08082,310.89
50d87370-00a1-4ce9-a6bb-3b51775bfa7b,108.1081724,38.0999476,32.32
6ab1a874-e579-45e2-8584-efe64483b799,108.116309,38.231766,19.34
20912677-11c2-4589-998d-baa2054bcb48,108.116309,38.231766,6.16
b410de53-f9b2-47be-b717-bb3091695ede,108.1080545,38.1001399,29.8
027a219a-9be6-43cc-8c4d-4a64c0bf2b9d,108.171964,38.089112,5.74
ae9abe88-6539-469b-a954-3bd27a4a24df,108.116309,38.231766,21.52
912ccccd-fb18-435d-a16b-8785264f4170,108.1170321,38.094445,11.34
b39febde-614e-4840-9190-d7685ff37a7e,108.116309,38.231766,8.43
2317d8b6-b518-4c3a-b8e7-ba026a8691f8,108.116309,38.231766,3.75
80fb04f6-81ca-461b-bd45-ca741b26aff9,108.116309,38.231766,53.37
de5e7ad6-b316-4404-a1f9-f7a592241503,108.136179,38.060269,65.82
e2186603-4732-44cd-bce5-b7e6e1471fdf,108.1441935,38.0828434,21.78
ca523a9a-d7fe-4500-a6d5-0a047c4f17d1,108.1444628,38.0827603,60.34
fcfb0344-6016-4182-8c06-3d86ea6384ce,108.143951,38.083254,9.28
3b2baa6d-eead-403d-90eb-50a151a7cade,108.143698,38.083261,109.33
ba2f2bd3-ad9a-40fd-8fa5-02bf96e190a0,108.143877,38.083192,4.89
c0c3df68-f5e2-4667-ab1a-da85233bdbb4,108.1453078,38.0745863,20.18
2cfd20ff-b568-4b2d-b275-a119c3bfda16,108.1453505,38.0741185,5.15
ad8cc0fc-3f0d-417b-861a-70a7a3bafd5f,108.1450466,38.0748699,89.70
d7304682-f234-4a3a-9787-36bcf10a3539,108.153599,38.062592,39.32
37b6ecbf-babf-448b-8b87-9a68fb0c94b4,108.1501836,38.0799961,167.81
61531baa-1378-4d96-a257-e471def4d264,108.1503987,38.0806868,6.85
072135b5-76cc-4e8c-bf3f-6a76d96559f0,108.1504231,38.0806966,7.78
485a3f29-7266-4020-991c-4e5b83878c64,108.157772,38.108489,76.68
a6b8b50f-ee8f-41a0-bce7-563e476ba9ef,108.1504499,38.0809588,7.28
c3365424-d349-4493-b4f9-e8049a50257a,108.136179,38.060269,5.31
3da8c9da-dc60-473b-a59e-77408707fe3f,108.1516044,38.0781925,46.95
550ac38a-c97b-48fe-9f5c-fb85d8236d2e,108.154845,38.077231,1.55
44833bf3-5a47-494d-9ec0-88c9a84da67f,108.1550094,38.0771828,142.36
1323dc83-4e32-4f6a-993d-53cc528e8a89,108.153599,38.062592,24.14
aaf081ba-c963-4896-b882-8ec023ba5b6b,108.175878,38.05002,29.34
d19ba3f4-52fe-49b2-9f4e-58e152649187,108.1690572,38.0936469,30.40
3223b77d-1077-4dda-b02a-d6d07c336b57,108.1694962,38.0935352,29.16
13f85195-ea67-4aca-900a-c9e7120ce89e,108.116309,38.231766,17.05
0c614ba5-791e-4d11-a2dd-9b00c36e25be,108.1690557,38.0936148,5.15
2eb94098-717b-4234-9d56-df368fa82d3c,108.116309,38.231766,10.83
7df61929-4ec7-4f73-98de-f97446f5e147,108.1719285,38.0589795,15.17
11b4f41f-d235-414a-926e-861e6a08c5a4,108.156929,38.058633,3.52
ede5d87b-2810-430d-a88c-aa25592fa32b,108.1519906,38.0534459,18.3
83088e52-eec5-4bf8-8f60-baf1e482ce20,108.175078,38.058531,16.58
cd259ed3-48d2-4f58-bfb6-31b9d8968a87,108.175878,38.05002,15.01
be669e19-0749-4dd7-be53-0218214a9c15,108.1519312,38.3046446,22.83
f5d31c6e-1f77-48f1-a867-32a997449f0f,108.1519683,38.3046772,20.6
7ec8a931-d5ca-48a5-90b0-3942b64cbb78,108.1562477,38.3072647,7.9
3b0617c1-2613-4f43-8f7e-a61e415bfb86,108.1535452,38.3129505,42
3e940417-353b-47cf-a98f-d3631d24f360,108.1523977,38.3139075,4.9
c9937279-25e1-4d99-9919-382d7e1c4e44,108.1499616,38.3154968,13.8
3991afcf-72b9-47f8-8b9c-36dbe724f916,108.1500197,38.3155121,2.4
3325b2a7-af4e-4341-a6cc-fb30ca2c0c96,108.1487017,38.3152524,93
c68f0c5d-f8ef-4274-9e11-f9a7214581b3,108.1451478,38.3166701,2.4
64b79062-8751-4c12-8679-8fd5abd531b2,108.1458268,38.3186188,31.3
1ebc73b2-b752-423a-98d2-a499866a764e,108.1458268,38.3186188,30.7
6cd6df00-d26b-458b-ac08-59696774452b,108.1361458,38.3171505,77.3
15b9fd3b-5b97-4629-9fec-e548c5229c97,108.1432496,38.3142911,15.3
e1033fcd-32c1-43a7-814d-820d714b7d14,108.1445458,38.3137775,20
f1f6f136-02c1-4b3a-ba33-418f0524196a,108.1447814,38.312727,10.7
8feb732e-56f5-47f7-b300-a6006286c372,108.209819,38.2941405,25.3
69ee2131-b3d5-412a-a970-c9dde2e55239,108.2096704,38.2941602,10.4
5f27d4a2-4924-4a34-b3a6-5239e62e20fe,108.174712,38.247297,35.6
ef4f00f5-cfe0-445c-bc89-f6bb98a5d41d,108.1938428,38.2427449,10
b9eae990-0806-447a-b73b-e66e70fffdfb,108.1926038,38.2441548,6.75
c8ba182c-2072-4927-ad6a-795f9be834aa,108.1957319,38.2416519,168.1
1585085d-0b39-473a-9089-b363a724d555,108.193059,38.2350502,20.4
bc9e415f-80e5-4509-bc6f-c859659b76ea,108.1940113,38.2357756,15.2
1945650b-7ab1-4775-ac36-db92a041aec8,108.194066,38.2357738,9.54
1ad362bb-7935-4914-ae43-6884620d988e,108.1941045,38.23586,3
fc186093-6dd1-4af1-b5e8-10cf9292adc9,108.1941018,38.2361341,25.57
d29d1785-1672-4d9c-b2b5-6722af967c3a,108.2205477,38.2332684,28.5
915b6e94-04fc-452a-91e8-2ef69f864a9c,107.515216,38.166842,82.679
493c7bdb-5aa3-4f29-809e-9576c4dd07ce,107.515216,38.166842,3.4822
7ae38b19-dade-4dd5-ac5e-9661e61d5928,107.5520336,38.1813118,10.5033
5bfa8a93-d523-451b-a241-f926996bd968,107.5524063,38.1817134,42.7347
c7ba6898-f9dd-422a-8b68-458a3a8414c5,107.553029,38.178996,4.3369
b078f7f2-1516-4cf6-acff-8eda40071d16,107.5532322,38.1789217,5.52527
4fb4f1f3-a59a-4f6d-835e-196ba589ff30,107.5424784,38.1739551,15.7388
9a086e29-c86f-4a85-a46b-ea5ed8d64db2,107.5438612,38.1727184,167.1
710040c9-e4ce-4ffc-a96e-e730554a0ab0,107.5426814,38.1776765,40.35
56a1b242-e98c-4604-944e-e622c4941737,107.5426582,38.1778586,7.2226
42a72d23-b08d-4213-99d5-6e737faf7f6a,107.5401649,38.1839021,10.9688
ef495072-4812-4d8a-ac95-76dde71286d2,107.5392339,38.1855302,47.0025
d7468f63-2daa-46ed-b410-5aabdd384554,107.538784,38.1852605,24
c8113c5e-1b10-4f24-9f94-bfeb3988dbac,107.5372596,38.180468,2.7
438df497-87c1-4c30-91c6-66dc08afd15c,107.527376,38.183817,25.1584
23b08f24-f6c6-40c1-a4dc-03e130f4e31b,107.5369626,38.1791266,28.2918
c6245ad4-c44e-4f2b-8efe-667521057c09,107.54947,38.163641,51.6
dab91ac1-eb29-4d70-bd5a-c25166e2f899,107.527294,38.167607,3.7095
b0e9ceeb-dc7d-4a38-b2fb-2c6f84d6b6d8,107.5391782,38.1770129,4.6062
924e4d9f-4903-48a6-a465-299d796c95d5,107.5373353,38.1767842,36.1195
10140f07-8f44-4bf3-b81d-b3a46d8e7697,107.5363418,38.1777784,37.98
8763265b-7f38-4120-808a-cfd8d86efd9b,107.5425078,38.1926904,77.6542
a71f7cb7-115d-464e-8458-d6bddc6a7a6d,107.5425686,38.1931619,19.1898
c264316a-01fc-4232-a154-8d5fda06b66b,107.5422947,38.1945496,17.97
4cd74f7b-064a-4599-86f2-1a015e254b55,107.5418515,38.1940741,122.1375
818c9087-3fc5-4b87-b179-e0c00aef6199,107.5216059,38.1826403,239.7937
ec692132-41c4-40ac-a32a-03c01ec0616f,107.5259936,38.1773132,44.3892
3f86d1c1-b4c2-45e9-bc21-721a9a34819a,107.5313791,38.1752278,14.2174
4806e95a-c606-4ced-ab59-c4c0c6c82538,107.5219043,38.1799045,517.95
d9fb8dee-68d7-4196-8a1e-8a70f7a04351,107.5228098,38.1780728,81.816
cb8379bc-0ece-471e-b0f8-e14f08c01ccf,107.520597,38.1834179,51.4486
379b9a9f-2c2a-4bc2-ad1f-bf3e7e5abd1d,107.5219507,38.1854618,517.95
59dc34f5-1856-4d49-b8c0-c03cff79a7c9,107.5264015,38.1922488,38.85
d295679f-b366-4890-9b14-0114fd4d6fa1,107.527376,38.183817,208.28
9abdb857-9e99-4721-868b-0c0c25b1ffc0,107.5281058,38.1933735,10.4967
2bc80830-dd2e-450f-872e-c2c1a41814e2,107.5261767,38.1918599,19.9248
09b4df8b-7a50-42f3-802f-02ef1557900a,107.5263448,38.1915976,16.494
a6896a00-2ed2-4d14-8103-f257d7decff2,107.527376,38.183817,59.9397
af41fd90-a5be-42c5-bb3a-590faef0eebb,106.9097919,38.2280992,16.9
6b1075cf-771c-4a86-8b27-c9b801191c5f,106.9098989,38.2263271,258.3
3016aa35-7879-4218-9092-ed878a94365d,106.8940334,38.230237,36.6
f05a39be-4890-4297-afff-92b4f6ed7392,106.9104036,38.2241078,5.3
d36ac5d2-9142-4451-929d-6f11b98d8925,106.9116591,38.2193104,80.6
68a26090-6ba4-4c13-ab29-576c1c2f78d2,106.9156854,38.2291638,89.0
e46c1628-adf3-4c77-bb62-6f5fd1980e5f,106.9156915,38.2227771,72.2
e880a869-f0e4-4068-bab6-151602be9b06,106.9167212,38.2225439,69.1
ad6823b8-7db4-4956-ba39-aa5e06501ab8,106.9164496,38.2367848,35.1
fba6d922-a2f7-4957-9dde-dc9833211d5c,106.9171732,38.2309327,198.2
ad3bf4ab-9b93-40c1-968e-3de3edd53ca5,106.9263451,38.2356652,16.2
8c90bb80-7d76-4a24-abb3-061c29f535d3,106.9290037,38.2347503,4.5
80ffd6fd-38ce-40e2-a541-e498cb5eee06,106.9360866,38.2314734,21.5
4b6d364b-7d15-4aa0-bbc3-d65cb8a00abb,106.9284796,38.2517319,52.2
823f3a85-11d4-4b9d-9463-21ba1c6013d2,106.8940334,38.230237,141.8
d8a265ac-eeff-42ee-b555-041bc1d0c98f,106.9288568,38.2557659,158.7
2c4a3160-3268-40fe-80d8-0a1df8094704,106.9285806,38.2556433,10.3
4a41082a-463d-4e70-be84-a4de7520bf5a,106.9371868,38.2496837,52.7
cc322d76-7d02-4ceb-a088-c468b210bbdf,106.9365238,38.2515135,38.5
a8ee699d-e306-48a7-98b8-8d6d1f42fdc2,106.9371411,38.2513307,134.2
8092cd27-ec21-4ce7-b44f-32a49172e7ad,106.9354996,38.2547539,10.2
b0208786-c9ab-45ce-a756-c36d360cf20b,106.8940022,38.2302653,1188.4
436b7b68-baa6-4e69-931e-e0c5dbba0b83,106.8942581,38.2301951,14.8
d2ea572a-cb24-42e3-b118-2338f42bc1f6,106.8964478,38.2268222,7.2
16d3b4d8-2e5f-4656-8ea4-4deafc47a6b5,106.905697,38.2268511,5.5
3b8d1771-8022-42f3-8b47-1c20ca1ded01,106.9058112,38.2261731,258.3
7b6a2db1-c402-48a7-81e5-227f33f503ab,106.9059092,38.2247312,4.6
b9dbd688-d304-499d-be3a-b804d90f81ce,107.8986748,37.8495101,9.578
7f9d5280-2b58-4fbd-8b2e-413c0429ae19,107.8835463,37.852496,40.581
03f1643d-5f00-42bd-b175-be462aa06ea7,107.9044426,37.8486827,12.685
93e9a8d1-081e-4f63-ac20-46bb6e921a9f,107.8835463,37.852496,51.557
fb995dff-955c-45b7-a59e-31e2e9e3ab33,107.8804035,37.8562365,16.644
4dfc1fb2-8373-4218-bc3c-0c312829f489,107.8805254,37.8571035,2.741
2229ee0c-c2a2-4f16-bb09-116f935a1ad0,107.879778,37.8568837,5.466
6f270e56-c7ed-4495-9d98-fdbb65141652,107.878927,37.8549497,6.184
9e2b241e-a5df-479b-b39b-dab020c1efc0,107.8781399,37.8547871,11.360
bcd0c142-fbe7-47ce-82d3-a5f66bd239e0,107.8782552,37.853393,28.915
a4ca2215-a60a-488b-93bb-c0ca98232ef6,107.853005,37.864207,1.5
a68fc675-c67a-4141-a640-136b6e81efad,107.8540657,37.8629798,5.7
28856152-ae70-45db-b4c0-24b15b01c02e,107.8517917,37.8631289,64.642
ecdb0192-4e3b-47bf-85de-cc9338fdf000,107.851272,37.8625661,17.031
4a21cd71-ce5c-4441-89dd-000f67df8f10,107.850373,37.863927,7.842
98a7325f-b444-479c-a614-e1d0fc057634,107.8422591,37.8655222,282.857
b82acfb0-7935-4858-a01b-a5ff17a82765,108.292429,37.767908,5.89
53313912-b0b2-46e6-a878-1b10724b1997,108.3670814,37.7977154,9.63
801cda2c-d7e7-4a72-87d7-666e5826ddaa,108.399509,37.772915,4.5
7fc080ba-0968-453d-85b8-2061f0038a0e,108.399509,37.772915,3.11
cc9383aa-10bf-46cb-84aa-bbe9fe662672,108.387985,37.772308,22.2
9e09e8f9-4cfd-47eb-b030-6ca882d19160,108.3502926,37.806484,5.16
10e261e6-b760-4018-9727-d7dd3599553d,108.338816,37.830224,11
effab05d-233b-45d8-b90c-ae0ea4570dc3,108.3489896,37.8060823,7.94
040e4556-dfcf-4c74-9fa5-e912265ba696,108.3513255,37.8166541,87.32
db714630-7c9d-4bf5-9b34-56c14c39c187,108.3594355,37.8244489,3.77
5049600d-b92f-4989-93b5-1b42560aaf86,108.3595324,37.8246171,6.75
262e8f46-b57c-4203-a8e2-0f032d0fff4e,108.3613072,37.8237536,28.11
7a6ad3fe-c4b3-4324-b019-9d73482a2a61,108.3628592,37.8258786,64.65
ab3adcb5-7f33-466a-8130-f81655ee6b49,108.3626235,37.8268506,5.73
e22849d4-2964-426c-802e-db579874237f,108.3638073,37.8260889,9.92
e970eb59-f039-4f05-be67-e51128364c8a,108.292429,37.767908,36.3
9cff0eba-6a19-4366-b638-e77b07b50a6d,108.3759749,37.8207511,23.24
c3ca162e-0f24-4fcb-9f2b-22b19c28f8be,108.3745309,37.8206729,4.85
78b2dfb5-aec1-42ab-bc53-693af6105b1a,108.3739104,37.8211161,9.26
43f54f1b-d40c-4fe2-91a4-4ed460ca03f2,108.3791902,37.8201123,37.53
2f085e46-8db8-4fb8-a3b7-456b060ba5e9,108.3871417,37.8102398,38.97
4c9e5208-69ca-415e-92cd-0510c9b46aa3,108.384384,37.882104,19.5
b7de2e39-c4bd-4469-b1bc-02a04cb4bb23,108.474124,37.839451,3.6
60abd196-11e9-4b0d-bb12-c93f1bef5c25,108.42416,37.790525,3.15
4ccbb30e-1548-4322-86ea-29e4e344b610,108.383428,37.8040318,22.57
0ad5954d-7cc0-433c-9f79-4788490d55da,108.42946,37.795041,2.25
65f63199-c647-4bef-a4f5-d09db1d8c1b2,108.310238,37.842752,112.45
c47cfade-80c8-45b1-8ac2-ee776920439c,108.06417,38.3654567,3.5
5700b5f6-ddcb-4e10-84a6-c3db024e3b0b,108.0648717,38.363755,239.8
4b8fb31b-214e-4a57-8a28-34d70c793d71,108.0641067,38.3642667,159
01141ee3-b6b5-41bd-be95-0acbc36e586a,108.07289,38.3592817,69.7
4ff4245d-a2e0-4beb-8a8f-72c5529847e9,108.0728533,38.35919,5.6
3649a421-60aa-42de-8585-f328851b49df,108.0902183,38.3613783,56.9
73c863f2-1c74-454b-8641-82db0fed5aa0,108.0973817,38.3643133,16.5
65e25622-ccc5-4022-b824-acc650e57caa,108.1179017,38.358085,22.9
74cbb8c7-b98a-46e9-bf1b-9855531ae03d,108.079739,38.360112,10.7
f6a65cfa-45dc-43a9-ad9d-67fe5473cbf5,108.1162933,38.3608383,15.4
269908f2-2be4-4375-8aff-07a195ed1fd3,108.1145467,38.3613983,14.6
a3b75f3f-0f4f-43a1-a6a2-556049ad86b2,108.160143,38.373851,5.2
a74806c2-a1f0-47cd-a52d-eeb8b3869d3e,108.1329417,38.36399,3.9
c0b94ce0-8c4a-4359-86fb-8023dd724f62,108.160143,38.368217,9.9
7207f000-d071-4c9c-a7aa-992fed7e04d7,108.1320533,38.364385,16
0e85a5b3-612a-4453-8eb7-9ce57c9417de,108.073905,38.356947,27.7
dc114889-b56b-45ea-a4ab-78bd88b876d6,108.0958067,38.393975,54.5
44a51456-2c5e-4e27-a266-b40dacaaaa6d,108.1388483,38.4233917,53.3
232c5c08-2260-4451-9173-eb476806aac7,108.1538133,38.42536,12.6
0ca93514-c719-473e-a5a9-e259fbc686dc,108.1536133,38.4267083,9.5
19c59022-24f4-4eee-a54d-2db6278bf221,108.199135,38.4429933,12.1
e4c2a4da-61a1-401b-83f1-66ee231a4ca3,108.3165843,37.6490449,19.327
9971785b-f992-43d7-983f-9c79ad68727b,108.3165843,37.6490449,8.805
676a6e81-ae98-46fa-bf8c-2102a3076ba1,108.3165843,37.6490449,28.35
87d2df21-af8e-4e71-8205-0e710f0ac3bd,108.3165549,37.6491628,18.9
d55a6805-0847-493e-811d-6fb8cb27dbab,108.3130713,37.6503236,45.45
6db8cc49-3c86-4791-85dc-44b65a8f2a7c,108.3130713,37.6503236,4.22
bd1026af-af0a-4674-af52-7e930695a637,108.315951,37.662369,22.35
ae68fcaf-ddb2-4ec1-a334-04773b7e1ca3,108.315951,37.662369,38.25
ce8c5e4b-8d2e-4ee7-80c3-15b907e81385,108.315951,37.662369,7.8
f4041ac3-cd24-4786-9f7f-663a3178fbc2,108.315951,37.662369,2.733
d294f400-cba1-405a-ab6e-983e8a010d2e,108.315951,37.662369,21.066
f5df27cd-041c-4e09-8794-6cc310a59863,108.315951,37.662369,25.024
e80489de-ad56-43be-8b68-b1b267baf48e,108.3119254,37.6444389,6.843
b4b2bd9f-d25c-4956-8a11-7c4bb48dddbd,108.3077236,37.6466232,63.4
293dba50-ffb0-411e-9e50-2a2a095c6fe9,108.3055406,37.6509792,2.907
024a6184-2623-4002-b907-3fbe5be8b374,108.3033726,37.6445396,59.4
e5815ea8-df24-463a-af8d-05e25763bae8,108.3012887,37.6445952,4.548
98e95a2e-9997-4f15-bcbe-6c8cacef7656,108.3018658,37.6438909,22.049
118f672b-86ee-4ac2-a66c-a8037bde916a,108.3003874,37.643789,10.422
f042e2df-baf9-44d0-a154-197329714d31,108.3004882,37.6430307,6.472
e0b6081a-5814-4799-8ba8-0344855f3e38,108.3038472,37.6435325,3.203
c86a0721-94e3-4b63-8ba2-fe0ef53faa62,108.3040056,37.6425594,36.3
fda4d262-6f72-4549-b218-f1d3794c3694,108.2983855,37.6435434,5.747
34af9cfd-3dc5-4929-bca2-aaffbfc4cb9b,108.2979188,37.6451396,16.05
bf54643e-1966-42c6-be63-03cdc991cd6a,108.2968911,37.6469115,63.75
ec8a47ca-d4a8-42aa-aad0-166dba71e129,108.2979424,37.6477076,4.099
12a5ec8b-01a5-4175-943a-3bbb6aebca2a,108.2945862,37.6497112,5.85
4b43beca-85b8-420f-ab17-c91371967626,108.293744,37.6496949,7.932
07245b40-ec23-4185-8168-83a552a87b88,108.292352,37.6495134,9.148
3f1d22c5-9a7d-4943-9045-f9ab47c45401,108.2921306,37.6483473,2.098
a16e9191-49b3-4688-bc16-a5c183146e56,108.2918969,37.6483458,7.7008
b379ddf6-701c-4c3b-9020-a6d00712699d,108.2940015,37.6474661,2.753
0e82a5e6-3754-48d0-b438-7d6653974f43,108.2934517,37.6448938,10.175
2a129143-06b3-458f-986b-edd3b4e8775a,108.3020356,37.6376966,2.834
a82ef6d1-253c-41fa-8b28-ec4721c39127,108.2996245,37.6385731,45.697
0590098a-3f63-43a8-8994-1544017e4bad,108.3037151,37.6418926,134.55
1394b6f6-9655-4225-89e2-63f396869cde,108.3062742,37.638834,111.75
c5170551-fe19-4dec-b113-c430c91afcda,108.3178545,37.6535865,2.6269
1745ab03-1b38-466e-b444-5b92924dcc0a,108.3166943,37.6490105,49.35
98c74af3-fd27-489f-84b8-4ad76e06b8b4,108.3151495,37.6486928,5.2775
32da2271-1dc8-48f6-8376-658686e681f2,108.3144826,37.6555002,56.25
cfca6cad-5828-4712-9eb9-f3a787a2625f,108.3154422,37.6545513,1.35
a8fb5fb1-4a8f-4b36-8e40-50a7f850b0fc,108.31582,37.6546956,1.95
729776e6-b28f-43ec-a31d-df2c51e87922,108.3125836,37.650699,4.95
236ebf4e-b9ad-4881-9ab1-3ccbb332cbe7,108.3134204,37.6471263,7.405
dfa0943e-b51f-47ad-845e-87e4d68b6538,108.3120149,37.6451683,7.045
67fcca2f-d722-4b2d-a5eb-7d18bbbd7de3,108.3108294,37.6439184,57.75
ddd277cc-7395-4cb2-a3e2-92b355e458f9,108.3055239,37.6509728,59.738
058c6c2e-5b0d-4e67-937f-ca472d3a7b9a,108.2923173,37.6506233,13.056
28e39a41-5db8-4447-86dd-10ce80f327f4,108.2916516,37.6508508,28.273
af9d853d-140c-4591-824f-e607e726cdef,108.3026057,37.6372182,7.508
067dbdbb-428d-4380-acf4-6ca306528c78,108.3017313,37.6379156,3.272
31750ba8-09fe-474d-aa19-ed2f5adaf93e,108.0308368,37.7905904,24.98
f2ee20f6-07a1-42cd-8c3f-6e038d58d749,108.0349456,37.7908076,2.2
8b27f2f7-a4e9-45dc-9c02-93b8fd711e66,108.0259139,37.7936676,24.4
4245bae1-0271-4176-be40-baf3cef48d1d,108.006799,37.780884,79.5
4b113b9a-1a7e-4502-be93-3b005e7c8abf,108.0241888,37.7906371,60
d45ba5c7-afa7-4b80-a7ed-03fbabbe61fe,108.136637,37.803843,3.9
6e5e14fa-1942-4d28-b058-70d124fc3f7b,108.026106,37.7869163,2.7
2f1dd9b8-f55a-480e-bbf7-6bbe5f1b0e63,108.103444,37.823611,4.2
6d6b688c-c4f2-45b7-89ed-db1924338840,108.0184073,37.7907494,21.48
f8f5d7d9-57f8-4772-93f3-e0f75a870665,108.136637,37.803843,18.06
e709d91c-821d-4b0d-addc-48525f064847,107.9920814,37.7683419,18.06
6a38ff1c-6ac8-4a58-a92b-4355b71af573,107.937839,37.74547,11.4
d30354bd-58f6-4fe1-bab2-16d99bb0ad49,107.9859098,37.7667835,10.94
cc7b46b1-7bf1-4497-a469-9d2175c1c329,107.977817,37.718385,3.15
1be2a4a5-0eb4-42b6-ab94-182736a1594e,107.9921377,37.7708205,2.1
78fd6230-c407-40b8-bea0-b3324e15daa7,107.9909216,37.7705791,7.11
ce753f9b-f74c-4b54-b215-f5903d8ced5b,107.9976857,37.7728504,1.05
26181415-8c18-4f87-9fd6-89892e5a03d1,107.9959944,37.772697,2.59
1c8fee81-84b1-43ff-820f-2a8edf115224,107.9949048,37.7729509,1.5
689c3113-0ae7-4ed4-bb01-c3e500567e36,107.991669,37.794662,5.51
270b054d-42bf-4a89-9a29-a3ee3a22ec56,107.9956392,37.7741461,4.5
c01fdbc5-71eb-434a-8f5e-425ebbf53cf8,108.006799,37.780884,201.03
b9102e0b-e4ca-4eda-bd55-61baa91cb724,107.969849,38.224067,11
4d015530-a245-443d-8c91-64ccba13df61,107.9684296,38.2241585,6
2d1ef1c7-8392-4511-8211-ad6c3b3a94ef,107.9706849,38.2204855,8
3667e752-168e-4bd1-a057-cdee0dac2c4d,107.9562827,38.2216288,27
c48f9e4e-14ff-4697-80d3-7d11119b3e2f,107.9566635,38.2212063,4
1c9ea32c-c964-4756-9ecb-3679af63ec6f,107.9537884,38.2202748,13
1499cfa7-5a24-46c2-827d-5f3561573dba,107.9132383,38.2090352,48.15
8986fc5c-325a-497e-a7e7-7f87a18c8083,107.9130343,38.2099552,8
e44df3b7-ab07-4d70-b72b-57be0317bb0d,107.9068057,38.2070182,16
a03fa2f9-99c2-4ce6-8c3c-467ced90a487,107.9068771,38.2070667,16
28ac7f39-a24e-4eb0-a7de-ba4b86a49204,107.919088,38.2002951,6
ec99aed4-5ee2-4e15-9843-42ebf5c112ef,107.9190794,38.2003427,12
35ee3d40-ce7f-4d6a-9cd0-67f8359df53a,107.912721,38.2012281,12.2
e938475a-e0dc-4b2f-a485-018567c7ad97,107.9254312,38.2171634,6
1313cdb9-7c28-4946-9155-87d38f33645f,107.9363531,38.2106487,114
e697410d-7f47-4161-a990-97b79a2d4a07,107.939793,38.2064178,127
0c1fbb44-8841-4679-bdb9-6b2c89ebc304,107.9399535,38.2062191,5
7a8c3ce8-80d4-4886-8926-7bc822238462,107.9447931,38.2007264,14
bb2f56d2-15ec-452e-a2c2-47031374bd0e,107.9449397,38.199365,18
408e7abc-1184-47c4-bf58-4761078d2030,107.9417021,38.2041748,97.5
f7f93b16-effb-412b-9914-ce10bf770831,107.9568553,38.1884989,92
3bee6eb5-dada-4141-a0d9-8a6e16b2c93d,107.9600363,38.1912544,31
2dfd0d75-90ab-41ec-a596-b521e72fe207,107.946197,38.215365,8
8e0ca0a1-68b2-4416-a0e4-9f85c0eb9d73,107.9829724,38.1943311,111.37
3a794a1a-2cf5-49a8-bbf3-8ba007c1de05,107.9818145,38.1967373,89
b97230c6-b5fd-40d5-807d-c0f231ec617c,108.1140089,37.7254039,2.4
5ad195cb-34db-48c4-96cf-3fe93b07802d,108.1140089,37.7254039,16.5
ceb07986-881f-49ec-bc9c-8ef67129b378,108.1140089,37.7254039,12.49
da769d6b-ef0d-41d2-bfa1-07ea708d18f1,108.1140089,37.7254039,10.05
eea8d564-0781-4e8c-8f54-090c71d1036b,108.1140089,37.7254039,34.35
c06185aa-d229-4eb3-bcdb-52e24a9c38fa,108.1140089,37.7254039,3.33
baffd658-713e-4dfb-a4b2-ed9ea591204a,108.1140089,37.7254039,2.8
8e2a99e8-e1a0-45e0-a914-4fa5ea43a65f,108.1140089,37.7254039,2.13
b184aa6c-1237-4f3d-a095-41de475b25b8,108.1140089,37.7254039,14.3
48bacde8-589f-4c0f-8484-fbe33d7a746c,108.1140089,37.7254039,18.9
0dff8655-47dd-4b28-b7ea-4988b008288c,108.1140035,37.7253556,2.4
4020f094-5126-4e10-bd08-ccdb9ac362ba,108.1140089,37.7254039,49.27
1f8f19ce-6e2d-466e-8bb3-c9b74346432d,108.1140089,37.7254039,13.2
bf1b9591-0787-4378-924a-d4187b965484,108.1140089,37.7254039,2.59
933c9a1b-b238-4f57-bdf3-bcae9266973d,108.1140089,37.7254039,4.05
76ef6168-7c7d-49a1-a158-f5f3e193bdff,108.1140089,37.7254039,8.4
a023f6cc-0cc9-4600-a0b1-7d1ad63ca00a,108.1140089,37.7254039,48.41
b20ccd89-baee-4910-9d5b-999bda773197,108.1140089,37.7254039,57.97
74ec6646-095e-42bf-b6dc-8f0aa763c796,108.1154208,37.7243731,5.1
31ffb79d-07e8-457c-9eb0-eab48db94ed9,108.1181056,37.7236306,2.85
cc567cff-e66d-4fdc-a830-a302c77c47cd,108.1094565,37.7279898,76.13
83baf5fa-9b0a-4f15-ab21-8d1a7661e2c3,108.1126517,37.7293038,4.8
112a48e0-e3b9-471d-a89a-e962961acf63,108.1126517,37.7293038,2.25
6da13b1e-540b-4851-ba5d-e47e4b51fc68,108.1126517,37.7293038,4.99
edaa1aee-4198-4a6f-8d18-dc02588b18ad,108.1126517,37.7293038,12.89
cea7f22f-e328-47d2-9b0d-f5d239c35f6e,108.1126517,37.7293038,8.01
1c4df61e-a9d0-4e24-8cec-29417ab08dce,108.1126517,37.7293038,3.3
38a64c80-7e97-4448-a404-923e91a1cc9b,108.1021446,37.737708,44
1d3fa6ae-062f-4bef-8ba2-fa8acb25d63e,108.1041756,37.731696,4.54
e635e094-5cc8-4707-8368-b96d36c0cc43,108.1093149,37.7529233,153.64
c85f1440-da66-461c-ae02-3de83adaccaf,108.0993351,37.75413,3.9
b6b834b1-a1e0-4299-9009-e488834b0e8f,108.1039157,37.7541132,1.5
f9764798-1e85-4780-8c25-30e5420db164,108.0993351,37.75413,140.09
0819824d-7efc-45fa-8a38-e8e67f943c3a,108.0967427,37.7601867,72.55
13f151fa-12c2-42db-b045-7dd56085f735,108.09879,37.7631372,22.03
fe6043c6-c8bb-432d-9476-1b51cb02391e,108.1001089,37.7598581,8.55
fd26fb14-cde5-4a4c-85f0-5f722aa8bc0e,108.1031169,37.7575063,33.39
2b2b3c1b-41cc-4425-b789-f2d5f904efaa,108.1031629,37.7575886,5.25
dc2d48f3-578b-458f-9175-ea0295ad502d,108.1023205,37.7573065,18.95
a244bd4a-bfbe-463b-beac-1d3b4bfc9e56,108.1070723,37.7574292,13.8
bb0e7eb6-4868-4fca-9b58-2c498aa4cd75,108.1079477,37.757096,5.93
38f5bc29-e665-4f14-9d40-ffda1255fa12,108.1093016,37.7570266,5.25
a756b5cf-21da-453f-b3eb-ea85fa321167,108.1145038,37.7561776,7.19
4c313cab-1aab-4b6c-b5a8-6959bfda4b40,108.119418,37.7553672,7.3
72a53d1d-ad3f-4e98-9075-a8dfd6c1a8b6,108.1200877,37.7542732,1.8
b96699a7-5a5c-44d0-8aef-221fa57f199b,108.1201727,37.7536709,0.9
86c26248-11f3-4c01-989f-049cc0f20056,108.199821,37.759321,140.4
d0a0fc3d-7f96-48f8-896c-bf1a04dcbaad,108.199821,37.759321,53.34
543991e1-c793-4b42-9028-bf539ebef25f,108.199821,37.759321,3
7fa2002e-4a4f-4dae-b47c-80ba2bad63e8,108.199821,37.759321,8.55
229c4b4a-d3a7-47b2-8c53-2804504a8a89,108.1913029,37.7570644,29.1
1f22e48a-a412-4b34-9b5d-1c88a103688c,108.1913029,37.7570644,128.3
96a3c68d-80dd-45cb-8343-e98c1120bd5a,108.1893399,37.753007,59.55
e66f3143-9202-4a51-bc15-a2c8bcf491e5,108.1850244,37.7544348,1.2
eb644ac7-d51c-4a8f-afa8-2ba0521ecb18,108.1822452,37.7541924,5.95
45cfcff3-781b-4ddb-ab8c-77ca51d29c87,108.1824093,37.7551945,5.1
2be8cb54-fbdc-43b0-b22d-29e1148f9cd5,108.1876195,37.7512617,21.6
f6080ed0-ef71-4f4e-8fb7-2c60deaa27d9,108.199658,37.759374,5.66
6c0bf3e6-8fc0-47af-8707-0344601a2f73,108.1822798,37.7521858,7.02
c8a1179a-e97a-4b50-ac04-86a0e729275a,108.1833391,37.750634,3.3
5c0678a1-bb93-4152-921d-dce7c5028c98,108.277243,37.708506,11.55
016785bf-efe3-4abe-8171-35775b25c7cb,108.29413,37.701955,25.61
0923dffd-8399-412a-a8ae-8150275a1dd2,108.292648,37.702461,118.5
14d663cf-155c-4150-aedf-9992788fe793,106.7627748,38.2532244,72.3
1e1aabf7-e1f9-4dfa-aa7b-1ac6098bfde4,106.749026,38.256547,56.3
06ec4b49-bd80-422f-83c6-3c1837167a7e,106.760858,38.249879,541.9
4401f3b3-eb60-4180-83fd-8bc6a0953d95,106.7621671,38.250475,89.2
97801db4-322e-409e-a67a-0a73c5388156,106.7674727,38.2453501,29.6
144319f2-2bea-41b9-9596-ac6525cbb23b,106.7679097,38.2433988,36.7
95ff71f5-bf0c-4890-8adc-c3cd76a30561,106.7698194,38.2414531,100.7
db156c90-a988-4a2f-8844-8d1351886dfc,106.7703083,38.239086,34.3
a5ac5fa8-ab3f-4f3f-aedc-ef73f3b45c41,106.7730722,38.2374125,17.8
cabad720-5d01-4fa7-a583-de64aa4cb464,106.773007,38.2363632,20.5
566add6e-c45a-4789-bb71-330b9974e4c9,106.7738812,38.2353837,65.1
426abd74-e106-413a-9b5d-e976303e3d7e,106.7765386,38.2306072,5
de44f6c1-9717-46f8-9e87-b9b76f91ca92,106.776101,38.2353494,37.1
6be535c6-1494-46f6-9e45-17ac352d9e92,106.7763222,38.2337065,24.8
0f66600f-5953-4245-ba42-49d674ab17f4,106.758779,38.255439,40.5
78a609f6-d8b5-440b-b0d2-4ff2f15dfcd9,106.7779029,38.2299433,44.1
068fd35c-45d4-47e4-a147-6d43ba4cd41b,106.7613563,38.2564039,318.4
e33f3c8e-54b7-441f-8572-7960ded2499b,106.7611066,38.2618165,928.2
49250e0b-9b74-4bfc-825f-bb96ec5c3ce2,106.7643353,38.2693419,36.3
9449d1aa-b429-4ea5-beac-1b0633e27dad,106.744406,38.261083,58.8
ce83f965-eef9-4d62-9251-972734b34a88,106.75093,38.254298,112.1
17abb978-4afc-4611-bcd4-104bf9fb5db5,106.758779,38.255439,20.7
cda55134-8b99-41d7-a8ff-e7cb09b6bf31,106.7551029,38.2528296,36.1
559fd79c-afe7-43ac-a02f-e59afe1fbdd4,106.749026,38.256547,8.8
b15a6ef7-e1c9-4154-9736-f29b9b66b217,106.7530559,38.2507652,20.7
9b597624-4352-4927-8c51-02495046e2a3,106.746651,38.255849,70.6
652fd49d-d7b8-4a8c-b31a-8fb12e46ab3b,106.746651,38.25585,130
205e1e6e-5070-43b1-8fb2-cfc2f8ed80c2,106.7547041,38.2481498,29.4
c27f172a-5a05-468d-8f37-554989e9142c,106.7560992,38.2435604,14.1
0bd4dd80-6476-407a-a4e5-ce5e25e1f00a,106.7564166,38.2435229,14.5
c8b454ac-7798-4e6f-93b4-04ee8d66417d,106.747659,38.259396,25.5
a2204800-9aeb-4e5b-ad20-0acb445ec015,106.758779,38.255439,17
73f640a0-44c6-4cbb-98b5-6eb475b277e3,106.7522806,38.2444116,159.5
ff3a4cb2-6103-47bf-af90-5d0e1f529308,106.830644,38.249796,9.4
d7d24d2a-8b0c-43f2-9ae5-fff513457777,106.7484282,38.2453166,49.3
de04d293-59e4-4bd2-9689-bb9de77c3f6f,106.7450406,38.2434017,74.4
9d624d30-ff22-4171-9508-20e82c6ba713,106.662048,38.186226,29.7
1cb18f8b-9231-4d4e-9879-4c61e8c96067,106.74826,38.259055,14.1
646f5e0a-642a-4240-a07e-50a52f3df2c9,106.751256,38.255105,70
ca96f7b8-1c03-4eff-bd60-3e1f283c454b,106.7473157,38.2500492,110
05279615-7f62-41ed-8657-7057569c587c,106.7469325,38.2501455,73.7
1cce0631-734e-4116-9266-cb0e7ef5d9ef,106.7412725,38.2461613,69.6
5127eef2-82fd-43ec-8077-359d77edf3b9,106.744406,38.261083,76.9
0c4acc04-0fbb-42a9-b752-87e01fc018b3,106.7435597,38.2468981,100.5
33538219-24d7-4029-a4a3-5dc348e8b89d,106.7441199,38.2481207,106.8
705d900d-42e0-46e0-9e1c-df950648ee47,106.745272,38.2506122,98.3
bcecb634-87b4-4f14-ac0f-9ca286213cad,106.7464278,38.2529868,74.4
6054a720-8ee8-413d-8824-bab11439c7de,106.7433938,38.2562906,100.3
6df01c08-8685-4b9f-8365-c035586ee64c,106.7403124,38.2555381,8.2
7fba544b-9a96-4c01-9808-4c6360be0311,106.744406,38.261083,86
bc9c82ec-048c-4c18-bbf4-4a868c2e1b7f,106.7395437,38.251916,235.6
17becadd-7e19-4d2b-a6a1-8c3419750cc3,106.7390865,38.251233,91.5
4e795f17-aa1d-48a8-984f-a3a5393ec454,106.7380307,38.2493002,97.8
56445737-46ca-4a83-8a3d-436c76f0dae6,106.7369327,38.2470626,139.2
4a905f87-d7dc-4951-9aec-2335e237fd66,106.7375897,38.2456721,62.5
6fbf5c03-e1c5-4669-aa05-903b126492ec,106.7340525,38.2395472,208.3
9400a4a5-dbac-4ac7-85e8-818e076f34c3,106.7252549,38.239887,19
2591b85b-dd2a-4393-99cc-993d619ff67e,106.744272,38.263815,72.5
eacab5db-cee1-4264-9f23-ef64a4a837cf,106.7338047,38.2473217,77.2
13b70318-39ab-4eaf-ba9d-e4b36a2088e2,106.745755,38.260274,6.1
440c21b8-5026-4a61-95cb-2fb441a94d11,106.7431935,38.2609829,6.0
505e179e-97d5-4027-8003-ca80a4e5084c,106.7400929,38.2618993,91.9
37ea70d9-dd64-458e-8936-37dcae6db3c2,106.747659,38.259396,29.7
80dddf6f-c79c-488f-8ff6-995f9a7f1502,108.0432281,37.6850749,16.2
b23925df-ab84-4b9b-9df8-8b416580edff,108.0414164,37.6862987,8.6
7a39f583-053b-4083-a416-8fefb346f8fd,108.0432055,37.685156,30
99f195fa-8c3f-4a20-a8f7-34d2011503db,108.0425763,37.6857092,63.2
5d067dd5-0d40-49aa-8a9e-21be89e5f0e4,108.0460084,37.6841432,4.9
23055da2-6a2d-47ca-b06c-720572e46540,108.0449298,37.6828677,24.8
c2106fb8-95ed-4233-a870-7fa77dbc4c2f,108.0452996,37.6827723,16.2
d26eb3bf-ee5c-4263-b6af-d7b8b3c08437,108.0436924,37.6819911,9.4
dd2c9abd-aca1-4bbd-991d-a1578d5249c8,108.0412686,37.6843162,10.5
342c3189-c437-49c4-afed-27fb648e2660,108.0413855,37.6845672,8.9
12245ec1-0c6c-4951-9b35-def193586d62,108.041402,37.682773,24.8
f52a3aaf-58e4-46be-a55e-b254f878a4e4,108.047514,37.680482,7.64
d3dd81e6-970b-4cba-b534-e67c54619836,108.0476297,37.681382,4.14
6a9dc90b-bf5a-4321-a835-b7afd303710e,108.0481537,37.6791289,6.5
7af790b8-7869-4b5a-80a1-b5503a1add1f,108.0476568,37.6812567,6.66
0c6f16d5-fbec-4a72-a14c-98831d07ba67,108.0520332,37.6806332,3
7cc1473d-4c30-406a-9c32-8afa2eb63a07,108.0505016,37.6784914,29.3
aefcdd73-69d3-45c3-99ed-3c5283500fd7,108.046978,37.6802,3.7
27d495af-1a78-4551-80b0-053038f3be18,108.049173,37.6845695,24.8
6c660cee-01b1-4bdc-a10f-a66da5205f8b,108.0501317,37.6844853,9.4
a4855855-f9e9-4522-9ab9-ae1f60f46d76,108.0488927,37.6840427,21.6
1ce1d03d-9030-45cc-b6ba-34685040fd32,108.0518142,37.686724,3
e6d9b088-0dde-400e-b5ca-530556d582e0,108.0523296,37.6864457,2.4
0efef47f-1cce-43e3-89cb-6ee88ecb48f8,108.039618,37.68963,3.6
e38b7c5a-38af-4a9c-bac8-5c1ed080767a,108.037973,37.688927,3
66dcd565-e57d-49b1-9997-efa43aeaec5d,108.0592474,37.6852952,14.37
345d9f69-3ed7-460e-9f84-b55fac0b1f31,108.0633932,37.6851284,9.6
6b90989f-0887-4fe3-bad5-4c620807bc16,108.0627468,37.6816261,9.8
46d11d31-ade8-4984-8bab-948dd69c6fa1,108.07267,37.689372,7.65
191a209f-b403-4ec1-a71b-3262b3530b7b,108.060953,37.6792252,3
d9977dea-14f4-4416-bf68-9149323f3939,108.0456101,37.6796836,5.04
b837e7c4-29d7-433b-b3b6-6bd803a4b109,108.0510174,37.6806912,2.2
47cd6973-b9b7-4fda-8ec9-4d6d31419b6d,108.0534189,37.6830448,9.75
82c6c311-f296-48d9-a41e-b321a2355133,108.0551646,37.6819829,6.5
5c0a0d56-3d37-4fe7-8976-6823a685c3d2,108.0551949,37.682186,7.4
ad79e759-7d68-4fb0-9163-6ed2dc26edcb,108.0504659,37.6867325,23.66
bac96ad5-fe64-40f5-a564-e7aa752b3fca,108.0500844,37.686957,9.47
f6bdde2f-4a85-454d-be13-f9bc646a1aaf,108.044337,37.6873676,3.45
d8796071-f635-4b00-b8a1-e620a8dff6b1,108.0623595,37.685001,44.36
f1568ed5-420f-4693-a116-459f63e90c1a,108.0627084,37.6804955,6.2
92672562-7d6a-45eb-9161-f549cd4113d2,108.109838,37.68324,56.58
fbe1c89b-0ecc-420b-893b-67c3ed4497df,108.0599651,37.6791662,2.89
7e5c376a-c3d8-4bcd-9935-6a09644dc3d2,108.009227,37.694614,12.59
2efb3dcb-e37a-4008-9e29-dcad9f51c4f6,108.052439,37.68617,7.58
4553f7e3-f8d9-49e5-8b0b-701b629b365c,108.2620228,38.1547197,1.5
5b1dcd06-4737-48c0-9732-0b1788714e7b,108.2739582,38.1543744,1.5
07793c23-67b6-40dd-b353-38ec946a0cdb,108.2742782,38.1573812,5.17
e0f137b6-063b-4cfe-9e15-e522e250032c,108.2738328,38.1544882,5.38
f597f810-0d80-44b0-84c6-4de1bf3652a6,108.2988929,38.1365713,2.7
2343a15a-2298-4178-a124-db504ba524ca,108.2993716,38.1366503,2.9
52a7eeaa-35d3-4430-8afc-0f50b56b80c8,108.3132953,38.1370521,9.57
b50da073-14d4-42fc-8ee5-9c1850c87290,108.3136269,38.1371297,2.76
c2557267-21cd-4ec5-9e9b-ae8d8ca83620,108.189041,38.067726,20.85
5a447f8f-4212-4123-89a0-02fdc4be9112,108.310929,38.1379711,8.3
7dee6b0f-193f-4c12-96b6-0b699e1ea385,108.3070595,38.138496,9.75
2ace1386-c253-4e0d-97f5-7e0b1c34212c,108.2997648,38.1443494,12.4
0ff4a411-a255-457e-83fa-14efc475f182,108.3015954,38.1169092,17.1
4c0c26ab-5dc4-4361-88e4-860ba9aaaa3a,108.2918844,38.1407522,6.08
564cb320-9310-4620-a721-3f9d21b9c11e,108.370805,38.103342,23.09
733db5e3-aa2d-4f61-bd98-6cb17318ada6,108.244685,38.162423,13.1
1e32353f-405b-4090-b91d-3a66d0b89b46,108.2749197,38.1292925,34.77
32a355b1-9fb4-48d6-ae85-9870dd8e537b,108.2749197,38.1292925,30.8
ea1967af-a1df-4081-bbec-643610b38b7c,108.2733742,38.1286217,26.07
403fb124-3348-4e86-89d5-830dcc2bd89f,108.2813173,38.0809719,7.87
f0d05927-34b1-475d-987f-ade07fc6beee,108.269269,38.151711,16.75
a91dcc33-132f-4a02-a260-f5add3be2351,108.2792642,38.0836474,12.36
d2c1053e-b919-4e14-905e-0b7e095b5d68,108.177862,38.03762,19.9
4bb03afd-adbe-47e7-84af-c3753ceddfe4,108.2992502,38.1175128,41.8
76cfa8cd-aaf5-4f44-8259-b5cd0e3a6eff,108.2982874,38.1174971,31.2
1b045034-0245-49bf-a4d2-b570883b87e1,108.3016929,38.1186256,63.8
89ce314d-6138-416f-9ac7-6eb6a6d13bf3,108.3100607,38.1203956,38.8
b92868b2-8480-4e5d-b14b-349e325da312,108.295392,38.118417,18.3
b408ca1c-b60b-49f9-b20a-d4a77438afc1,108.2914951,38.1254926,13.2
39a2451c-0fdb-410d-81c1-a041f48c8b27,108.2888321,38.1129731,137.3
723dbbea-bef1-4b77-b007-272584c0e1f7,108.2775126,38.1107739,40.5
bdaa3832-038a-48ea-811b-640b69a893dc,108.2726442,38.1154694,12.2
5852152e-75fd-4915-b086-3c2e824bb4ba,108.274807,38.014702,12
2a861292-03ee-4112-9b7c-d6c2dac0910a,108.2602576,38.1163142,14.2
092a1205-f9c1-445a-94e7-690b8d9ce0b1,108.2605929,38.1163958,43.5
b303ea31-f554-454d-b9b3-4b0b26401123,108.2529678,38.1048604,7.95
2d7b8321-97eb-4c1c-8440-e2a6e03663e1,108.2523926,38.1035356,6
824437ba-e1b1-47a1-877f-56f259991892,107.140813,38.250455,5.8
386bdf74-ab60-4221-9e02-34904cedde4b,107.140813,38.250455,6
dd7fd9cd-1f67-493c-ad9e-e80ec551c071,107.2488598,38.2294136,26
edacc81c-9a9b-4483-aa1b-21c1decf0b84,107.2360073,38.2312388,24
f81666b6-bbcd-47a2-8467-e2ec3a25bca1,107.2371678,38.231043,12
07feb68b-e362-4597-b315-0f906324d100,107.140813,38.250455,57
a108bb6f-cd4c-4905-b89b-838ede6ac5d4,107.2260013,38.2315703,33
a950c6f1-62c2-49e0-94c4-131670baab0d,107.2268105,38.2299084,11
df5934db-7eb1-4146-981f-2e0055f5504b,107.2068296,38.2339688,36
f771cfdd-99c2-4548-bc5d-2d4e13c2b17e,107.2045573,38.2508374,20
4b326454-0f90-446a-ae70-813d163ef885,107.1757695,38.2457016,22
46d2add4-ed1f-486d-b93b-a4d6ba2a69d1,107.2116732,38.261561,1
48b00297-ba36-4bc6-a76a-4a33605d421c,107.1201915,38.2844567,59
c000740a-c003-41ba-a356-f80ae1db69a8,107.1195503,38.2817955,115
6b64a5bd-bb66-43c5-b5ba-c92677b71ae5,107.099513,38.2863965,21
68c7374f-a5fa-421d-9a44-34016287ca22,107.0883066,38.3003806,21
7d2fb76e-90c3-4e93-931e-6ca1c6fc733c,107.052836,38.296588,54
d3ed07b2-cc5f-40b2-8b22-b748758854ca,106.961341,38.221559,36.6
b4ec015d-3480-4093-9204-4ee5b369b11f,107.2994192,38.2082391,3.45
9c15c16f-35c0-46b1-8030-5c6e561de3fb,107.2959922,38.1997164,6.69
1566e4f9-6294-479f-ba08-2cf1a79ff90a,107.2904515,38.1955668,112.7
add183b8-51e4-4821-8d1c-9dda1f421aaf,107.2807066,38.1984563,4.68
0ee8869e-8a21-4755-acbc-eed1b6a23fd7,107.2806685,38.1980818,35.9
ab9f2a57-5bd1-48a9-afc7-baf4ca88c7c5,107.2817873,38.1966926,27.48
f21897f6-4cf7-4c07-ae41-b36cf8f11d2c,107.2805272,38.2003777,17.7
c149f51b-308f-49e5-b5bc-1596fde9858f,107.2896714,38.2008722,7.58
4805b799-8d47-4539-a0e3-4fbd125bc169,107.288755,38.1999453,18.5
d8966036-3a85-44cb-a6b4-e9dc49b0f196,107.2837073,38.2146921,3.68
4f937bc3-7271-4aaa-ace4-168f67ae7c97,107.2842455,38.2147707,23
ab856ec7-d265-40be-9d69-9994ea8de808,107.2842892,38.2148796,10.65
245013a8-be8f-443b-b432-108c1846d92f,107.2852596,38.2152653,15.32
5da04ce5-9d23-4262-a801-9eb5d2f39049,107.2861834,38.215427,32.85
9841f23f-caaa-4e64-b69a-116f66381ca8,107.2861862,38.2154804,40.927
c5defc72-5d9d-4eed-8b45-611dfea6835b,107.2889753,38.2167945,52.54
536afe1c-d25f-40a1-9fb4-8ca3c85e8697,107.2881238,38.2168694,39.89
46cb659b-a2cd-4762-95dd-5a64786f4637,107.2790675,38.2175042,33.5
a7bd4311-d471-4094-8da2-e744f5c1b39f,107.2774041,38.217626,10.6
0ddfe45b-cba4-4256-80dc-33e9ebf3cea4,107.2773361,38.2183974,2.6
39b780fd-3174-4e73-bf8e-b19c326f6fed,107.2766635,38.2183513,6.6
73a84295-b45b-4b18-be77-d0e21cd1a032,107.3095805,38.2153037,25.95
c1b8370f-f2d2-4f3d-a0eb-6662230768c4,107.3088804,38.2131283,24.8
e42e2bd5-2dc0-4242-afbc-159e67fb8c8a,107.3119082,38.2127688,35.8
0faa60db-d5e5-4da1-a5ab-a1d131b18f7c,107.3144479,38.2148964,17.96
99aa04bd-76ca-4db9-a697-48c2228209a4,107.3172553,38.2122712,4.97
bfd3b88f-090a-48df-a354-a6f69723778a,107.3222405,38.2114292,11.6
cd1cc5d1-cbce-4e78-b36c-8e3978851b7a,107.3072494,38.212021,6.78
a00c9853-5bfe-42f2-8aa5-b477887fcfa2,107.9906217,38.5499817,2.4
ea3d53be-0732-45f4-82cc-965a4849f5d9,107.9898517,38.5575633,83
6555e8fd-f2c3-48b0-87e8-57841f43dbb4,107.997086,38.560831,2.1
6472b5f0-069b-4698-bdff-5140bdf08717,107.997962,38.431199,25.4
9e62643f-cf5d-416f-be42-6de20bb8f7e7,108.0255617,38.54032,9.7
b9a65bf2-7c8b-435a-8b99-3aea2922a6ef,108.0386567,38.5276667,9.47
ee7a8c84-4f54-4c45-aacc-7a9b0d67cb9b,108.123761,38.436857,6
0bb3cecc-833f-44dc-a892-d7d67ef05f90,107.997962,38.431199,7.3
ee8124b4-9918-4755-9292-54259fb61479,108.048665,38.5067533,8.1
ff10386c-95a5-48f9-ad2a-fb9890032832,108.07457,38.4734517,2.7
2cf6d4e7-f0ea-4117-8fbf-8948c78c343b,108.08707,38.517025,10.4
68d8ea04-b379-4d57-b9b7-51a9d44c4c65,108.0835617,38.4669033,3.7
07055d65-71de-4bda-996c-d9377b207571,108.051115,38.440715,6.2
2d469eb4-be47-41c6-966a-2331b257109b,107.373888,38.116546,32.231
bb6c58ed-e165-4a98-8898-c3b212b19993,107.370841,38.1164222,12.141
3cbb4f14-88d6-455a-9c19-88eac6f8a8e7,107.375706,38.1182625,173.435
3ebb798b-3a52-4a95-953d-858f9d7c42d2,107.3753656,38.117952,18.489
a52dda7a-705c-4dc1-a603-13387d685a0b,107.3753656,38.117952,11.977
a17d2363-d150-4654-aec0-77c26124e44b,107.3824957,38.1326299,46.071
31e03287-8e34-47b7-ba64-4d59347e66e7,107.3848757,38.1252321,9.732
dc41d92a-1829-4310-b0db-385a88a6959c,107.3885235,38.1234469,72.551
f62562d6-13a8-4f56-9fc1-a0e02068f225,107.3964076,38.1195625,15.189
5322f20f-9b85-40ec-bf2b-51943f5316c0,107.3964076,38.1195625,17.220
c0ae2669-f7d6-437b-9d40-da4b5c1560fe,107.3964633,38.1270245,13.219
4d152f2d-c2c1-4eec-8875-d071c1c5fdca,107.4285467,38.1383373,5.700
7aac7cf5-7ce6-425d-9673-7c022d8c98a5,107.4285621,38.1383416,13.862
1e66fbbc-b027-40b9-93c0-57e6ddb37fc9,107.4006931,38.1454733,10.317
7db64eba-7c5f-4bd3-9d0d-489169e91dd5,108.1855247,37.7611863,119.85
ea4e4e12-0faa-4077-99af-6c63106d54b9,108.244685,37.714458,61.95
3202e887-e196-4ae5-b4a8-bcf5745f226b,108.1797792,37.7585315,4.95
f0556a1c-b25a-4b98-a01f-76784aa3dcf1,108.1788774,37.7578329,2.7
bba61ca6-eca3-49db-9602-a7eefa44bb50,108.3011877,37.7003194,28.63
3a586298-b0d0-4e52-991f-0b0f8b70b82d,108.3008,37.700588,79.5
6b96f1fe-3a47-4cd0-832e-35f05b65eba5,108.1885436,37.758918,4.5
5570b059-1c82-44f4-85ad-c2ca1330c927,108.301044,37.700389,43
b79f63e6-8ca4-4569-bfa1-61439efb9834,108.301044,37.700389,43
2ba73431-6ca2-4162-a537-53dd9a86e009,108.1920535,37.7581125,4.2
69d65021-08b6-4501-a5ff-e9cc209808b2,108.1919192,37.7562143,10.95
46f0f11e-64c5-4c42-8c7d-6516deaa2aee,108.194139,37.735349,19.8
5a3edd2b-bbf0-4dab-addf-1aab3cb0ac91,108.1877391,37.7554833,5.25
7eab5120-c4e9-4188-81d7-5bd0e92830bd,108.189744,37.752951,3.72
f3e1eb8c-9a67-4ec9-a03c-fd73de5eabd0,108.1862765,37.7543931,7.06
bd646c96-72b9-4283-93c2-ca27c826c1ee,108.1831688,37.7540025,1.65
66982a46-0a37-4b13-9542-39fa2e376e15,108.1822348,37.7552558,4.05
7688ba04-1cc4-4c09-ab9f-015692feeffb,108.1801885,37.754093,2.7
e23497e3-ae7f-4349-8bba-c25ae6f0e01b,108.1789385,37.7549811,2.85
b56d9797-0717-4eb6-b8d6-525edb769d46,108.188767,37.7513374,11.27
5ce68b34-0eca-4379-a468-a0c376a52935,108.1888707,37.7516863,59.5
a7d9a3e4-2fcd-49d9-af4d-8cfbdb1a6eb9,108.1835848,37.7526989,2.4
6cb27c6f-1abf-4489-8d87-d3877d74af35,108.1843066,37.7508791,49.2
815220a6-8933-416d-88cf-e15c8007da8c,108.2787676,37.7087061,10.07
de242a9f-6dd6-4b4c-9dc1-e37c40915be4,108.2750076,37.7066407,84.65
e14388eb-2d36-4081-8d7f-eded6896c36c,108.2699832,37.7060241,138.10
9d5fb542-5517-4660-8e22-61d3572a8524,107.9883367,38.5620922,51
d0e20946-0cb9-4127-b135-a19bd8256fe6,107.9958386,38.5605386,40.3
e0795f3c-ee21-4f08-bd1b-6f9161f6e64b,108.0272908,38.5396962,7.1
33c8917e-8f85-4a89-a463-ca7cc0b39c93,108.0378347,38.5272237,19.5
5d727868-bccb-4595-b018-d3285916da27,108.0373782,38.5274059,15.1
b8373778-8c90-4f96-a8d6-b676090398cb,107.913948,38.594445,11
f6337489-e47b-48f7-b084-fc2e3291b79c,108.133589,38.46558,20.3
855e2527-0a54-46cb-9c91-592ccec49493,108.014321,38.525328,2.9
a582f4ae-1c80-4513-acee-b672cc54fb64,108.0489065,38.5063533,4.7
b93f865f-0cef-4efc-accb-3598cbb00f57,108.0523396,38.4977031,8
dbc78b41-9b82-4bab-a413-81efaa4eb5c5,108.154219,38.484728,8
34f5d5cc-abe6-49df-8224-10e352fb8d20,108.133589,38.46558,6.6
209d9089-a85e-467c-9129-6a936e34afa7,107.913948,38.594445,44.7
d1463fbf-0f0f-4fb3-bfbe-c88e874c396d,108.134068,38.465975,66.5
ce54f942-f5f1-4f1c-a065-725eb6a38ab1,108.0810681,38.4696566,3.1
9274d74a-0352-49c6-ad22-70a2c765d4ed,108.0798966,38.4693038,2.7
6a5159e2-fb6e-409e-af5f-6d0ee3ee930c,108.0497004,38.4402449,22.7
3dca1037-926a-4a24-84f7-b9939d8e2534,107.983726,38.418027,12.4
e67cc893-9aff-427a-99f8-4181d8ca5684,107.8994167,37.8505913,11.172
bd116e7c-c7e4-49d8-a9d2-5c15d5d84860,107.8994231,37.8505812,2.85
d2a3e767-efd4-4545-8b64-0ab2cdb56714,107.8994231,37.8505812,19.624
00b0d6ae-af3a-46df-90ab-d1ee8d50b655,107.8980354,37.8540262,7.8
f071e17b-d81f-4413-b78a-5a87ede31c09,107.9038378,37.8491024,10.287
7b1e0f46-726b-49b5-be46-cad4c89b7b3f,107.8850043,37.8550577,118.280
2198bcfd-6982-4883-b99b-3f295f227588,107.8879652,37.8549323,6.34
6fe15bda-76ca-4e74-b0a5-86ff8bf9cb69,107.8714392,37.8582878,145.468
064e6568-d349-4de2-9a46-619172fba554,107.8712014,37.8615301,109.679
da517aa4-90fd-467b-baa5-0999b985683b,107.5768224,37.9316603,5.560
9e70b8e9-346a-432e-ad38-6a691a346bb1,107.8745512,37.8621057,47.55
d245dcf5-03d3-48d4-86ad-40e72dcfaf24,107.8737514,37.8599571,41.55
4716553a-76b0-4b3d-8d27-10dff8202805,107.8516416,37.8634712,164.677
df09dcdb-76c3-4994-97ea-4e638b7c7754,107.8523328,37.8640792,7.05
449b8aeb-6ec0-4560-880d-db8f21918740,107.8467793,37.8644857,45.163
ce8847fb-677c-4578-b96e-9aa37f9fd606,107.311618,38.20919,5.72
5e349669-68f1-4faa-8d39-39c1bcfd3527,107.298296,38.2013401,104.57
85b6501c-eb86-4736-8f37-e3b377c2b00c,107.2989031,38.199976,84.7
d4dd5b99-f829-497e-8fce-15ba5db3fc35,107.3001786,38.2000076,13.3
16c79acd-d2ce-4c8b-a5e2-6180c9b67961,107.2994075,38.1966745,33.7
5a2c9702-28e4-4ca0-b048-f2c59e84f149,107.2941515,38.199782,12.52
74462c6b-711a-454a-8ec4-bd5770c8acb4,107.308197,38.2099215,5.53
d69833a0-0123-4183-ad77-9ea02be47049,107.435855,38.1636955,23.37
bb8ea762-270f-4a3e-922f-298b73a6c868,107.2809149,38.2004432,53.96
731ac6af-48b6-4a30-bce6-58d3186d6853,107.3114765,38.199149,14.78
28b4e8b2-b772-483a-8c86-bb4421f75e30,107.2822236,38.2162781,58.11
4f69fcb6-fc28-44cd-afa7-bcf9d1d7c8f6,107.308285,38.2040875,8.1
d14d41e1-f246-4077-aa28-f9601b6938bc,107.2819625,38.2172714,21.19
7a677f3c-6218-4a3b-bb62-e75bf4420043,107.308197,38.2099215,39.88
1fef1a43-6519-4147-8bfa-22eab657baaf,107.2833327,38.2181341,3.23
dc54f82c-7acb-421c-b3e7-77c11b9fb7de,107.2825029,38.2184797,9.36
8e4cb9dd-1211-4576-b40d-260eefd299ff,107.4435535,38.174034,25.95
21fa04cf-71db-4288-a7b8-d00910eabdd5,107.3118843,38.2133476,31.33
807962e1-1c1b-432d-83d7-ad0dcfd26d99,107.308197,38.2099215,9.44
0fd100fa-845e-422a-9f0a-b694455d9684,107.3182877,38.2132364,75.02
01384e6a-02d3-4602-9e60-1f810cac19fe,107.3215037,38.2102798,35.71
86dea5ed-7117-44dd-b720-9a3456d69d5d,107.319126,38.2060625,37.22
58767a9d-1041-43e0-abf9-a540e0a9d05a,107.4806419,38.4098442,20.4
9ccf7825-6584-4b96-8240-1226dda87382,107.588066,38.390069,24
466e54c1-870d-451e-a264-47f1f3090ee7,108.033539,37.789358,14.12
2134f4cd-aeb9-4ae9-8a7a-888dd225470c,108.033375,37.789219,2.25
f939c77e-caff-4ebd-b087-02751b8a482c,108.0259526,37.7937409,20.1
20a8d3ab-013d-44b4-8634-f25b3da933ac,108.009227,37.785543,94.28
971cb881-d46c-4cd5-b197-536b69b30ec5,108.0233568,37.795018,3.01
f38e54eb-1231-464a-9420-bfa50d2aefdc,108.024153,37.792003,2.25
65f31a53-8643-47f9-b8ce-285d6dd3efbe,108.0246261,37.789751,16.2
eb376fbe-799c-4cfb-ad8c-017599ee0177,108.0252545,37.7892357,6.3
348d3950-317f-4490-b9b8-e61eb0a06aa6,108.0254906,37.7870856,13.95
22ff0663-ae04-4481-af16-5b573aa5cbd4,108.0277138,37.7803799,21.48
da8565ad-0e62-4ef8-9298-f38070a0b0dc,108.0248078,37.7794233,85.07
eb57729d-3e99-4e95-a754-f348fadaf880,107.9991984,37.7725056,14.34
4a9d5f1f-8735-420e-90d9-2a370a284034,107.9985848,37.7717401,6.9
1569f338-f665-43ec-931f-5e92ae72b1f7,107.999669,37.768955,41.05
d5567ca1-bae4-4d98-87e2-cac9ca5c8e15,107.9933327,37.7688869,1.2
d751258a-e64b-4c0d-b180-34adef0c6185,107.9871301,37.7676131,21.48
40679cc5-96a6-4f8b-ad11-5cd5148576fe,107.9871644,37.7675917,8.78
02676d3a-8b5c-4958-861c-80a6cb6f5799,107.9761,37.791437,1.05
4f6862ae-76d4-4a40-83d6-9ddf48b52733,107.9938538,37.7703661,25.85
8c0573bf-f525-4b59-9946-2f2d7ac7e1b1,107.9936298,37.7696546,0.3
6947749e-23e4-4934-a3ab-02f564022a26,107.9909049,37.7705817,7.5
aec82aed-df00-4945-94c3-e0bc98edcb52,107.9927396,37.7706228,7.5
8dd5d54c-c78a-4d91-89ed-33984df390cd,107.9936862,37.7733802,79.01
70e4eaba-c764-4e4f-afdc-60e44a1f1d9c,107.9937741,37.7735568,1.5
06641d27-7bea-457e-ae92-6e71a7c69bde,107.9950206,37.77416,2.25
49d2fb6e-670f-417d-a864-752ecf09b6ce,107.879383,37.77459,46.44
